DATE,TIMESTAMP,LOCATION,ENERGY_SOURCE,MEASURE,UNIT_OF_MEASURE,INTERVAL,VALUE
2021-05-08,2021-05-08 20:00:00,Tower BTC,district heating,billing meter total consumption,kWh,H,118
2021-05-08,2021-05-08 17:14:00,Tower BTC,district heating,billing meter total consumption,kWh,H,200
2021-05-08,2021-05-08 18:09:00,Tower BTC,district heating,billing meter total consumption,kWh,H,130
2021-05-08,2021-05-08 21:51:00,Tower BTC,district heating,billing meter total consumption,kWh,H,142
2021-05-08,2021-05-08 19:11:00,Tower BTC,district heating,billing meter total consumption,kWh,H,188
2021-05-08,2021-05-08 16:19:00,Tower BTC,district heating,billing meter total consumption,kWh,H,200
2021-05-08,2021-05-08 16:00:00,Tower BTC,district heating,billing meter total consumption,kWh,H,155
2021-05-08,2021-05-08 15:21:00,Tower BTC,district heating,billing meter total consumption,kWh,H,200
2021-05-08,2021-05-08 14:30:00,Tower BTC,district heating,billing meter total consumption,kWh,H,177
